{"codigo_prod":11,"nome_prod":"Sandália","modelo_prod":"Gladiadora","fabricante_prod":"Arezzo","cor_prod":["marrom", "dourado"],"tam_prod":[35,36,37,38]}
{"codigo_prod":12,"nome_prod":"Sapatênis","modelo_prod":"Casual","fabricante_prod":"Vans","cor_prod":["cinza", "azul"],"tam_prod":[37,38,39,40,41]}
{"codigo_prod":13,"nome_prod":"Bota","modelo_prod":"Chelsea","fabricante_prod":"Timberland","cor_prod":["preto", "marrom"],"tam_prod":[40,41,42,43]}
{"codigo_prod":14,"nome_prod":"Sapato de Salto","modelo_prod":"Stiletto","fabricante_prod":"Louboutin","cor_prod":["vermelho", "preto"],"tam_prod":[35,36,37,38]}
{"codigo_prod":15,"nome_prod":"Chuteira","modelo_prod":"Society","fabricante_prod":"Umbro","cor_prod":["verde", "preto"],"tam_prod":[38,39,40,41]}
{"codigo_prod":16,"nome_prod":"Alpargata","modelo_prod":"Espadrille","fabricante_prod":"Havaianas","cor_prod":["bege", "azul"],"tam_prod":[35,36,37,38,39]}
{"codigo_prod":17,"nome_prod":"Tênis Casual","modelo_prod":"Skate","fabricante_prod":"Converse","cor_prod":["preto", "vermelho"],"tam_prod":[37,38,39,40,41]}
{"codigo_prod":18,"nome_prod":"Bota","modelo_prod":"Coturno","fabricante_prod":"Dr. Martens","cor_prod":["preto", "bordô"],"tam_prod":[40,41,42,43]}
{"codigo_prod":19,"nome_prod":"Sandália","modelo_prod":"Plataforma","fabricante_prod":"Arezzo","cor_prod":["preto", "nude"],"tam_prod":[36,37,38,39]}
{"codigo_prod":20,"nome_prod":"Tênis Esportivo","modelo_prod":"Trail","fabricante_prod":"Salomon","cor_prod":["preto", "laranja"],"tam_prod":[39,40,41,42,43]}
{"codigo_prod":21,"nome_prod":"Sapatilha","modelo_prod":"Pointy","fabricante_prod":"Arezzo","cor_prod":["vermelho", "nude"],"tam_prod":[34,35,36,37]}
{"codigo_prod":22,"nome_prod":"Sapato Social","modelo_prod":"Derby","fabricante_prod":"Ferracini","cor_prod":["preto", "marrom"],"tam_prod":[39,40,41,42]}
{"codigo_prod":23,"nome_prod":"Chinelo","modelo_prod":"Flip Flop","fabricante_prod":"Ipanema","cor_prod":["rosa", "branco"],"tam_prod":[35,36,37,38,39]}
{"codigo_prod":24,"nome_prod":"Tênis de Corrida","modelo_prod":"Ultraboost","fabricante_prod":"Adidas","cor_prod":["azul", "cinza"],"tam_prod":[39,40,41,42,43]}
{"codigo_prod":25,"nome_prod":"Sapato Social","modelo_prod":"Monk Strap","fabricante_prod":"Louis Vuitton","cor_prod":["preto", "marrom escuro"],"tam_prod":[40,41,42,43]}
{"codigo_prod":26,"nome_prod":"Sandália","modelo_prod":"Anabela","fabricante_prod":"Vizzano","cor_prod":["nude", "vermelho"],"tam_prod":[35,36,37,38,39]}
{"codigo_prod":27,"nome_prod":"Bota","modelo_prod":"Montaria","fabricante_prod":"Dakota","cor_prod":["marrom", "preto"],"tam_prod":[36,37,38,39,40]}
{"codigo_prod":28,"nome_prod":"Mocassim","modelo_prod":"Driver","fabricante_prod":"Gucci","cor_prod":["verde escuro", "bege"],"tam_prod":[39,40,41,42]}
{"codigo_prod":29,"nome_prod":"Chinelo","modelo_prod":"Comfort","fabricante_prod":"Rider","cor_prod":["azul marinho", "preto"],"tam_prod":[38,39,40,41,42]}
{"codigo_prod":30,"nome_prod":"Sapatilha","modelo_prod":"Peep Toe","fabricante_prod":"Via Uno","cor_prod":["rosa chá", "branco"],"tam_prod":[34,35,36,37,38]}